first name,last name,gender,device,screen width,screen height,pixel ratio,w1 result,w1 first time,w1 last time,w1 relunctance,w2 result,w2 first time,w2 last time,w2 relunctance,bs1 result,bs1 first time,bs1 last time,bs1 relunctance,bs2 result,bs2 first time,bs2 last time,bs2 relunctance,bsm1 result,bsm1 first time,bsm1 last time,bsm1 relunctance,bsm2 result,bsm2 first time,bsm2 last time,bsm2 relunctance,ss1 result,ss1 first time,ss1 last time,ss1 relunctance,ss2 result,ss2 first time,ss2 last time,ss2 relunctance,ssm1 result,ssm1 first time,ssm1 last time,ssm1 relunctance,ssm2 result,ssm2 first time,ssm2 last time,ssm2 relunctance
Pavin ,Chayavivatkul ,male,phone,375,667,2,1,44476,44476,1,0,44119,44119,1,1,42234,42234,1,1,19260,19260,1,1,64645,64645,1,1,18713,34049,2,1,26880,26880,1,1,24196,24196,1,1,16604,16604,1,0,20471,20471,1
D,W,male,phone,375,667,2,1,52023,52023,1,1,50871,50871,1,1,28928,28928,1,1,24566,24566,1,1,17129,17129,1,0,34758,34758,1,1,20366,20366,1,1,19307,19307,1,1,13420,13420,1,1,9888,9888,1
Sorawee,Porncharoenwase,male,phone,360,740,3,0,41319.52,41319.52,1,1,72110.31,72110.31,1,1,49841.71,49841.71,1,1,19574.65,19574.65,1,1,29569.585,29569.585,1,0,39158.23,39158.23,1,1,21420.425,21420.425,1,1,26860.52,26860.52,1,1,24466.78,24466.78,1,1,40411.175,40411.175,1
yan,zhang,n/a,phone,375,667,3,0,35786,35786,1,0,32582,32582,1,1,25610,25610,1,0,50770,50770,1,1,2186,2186,1,0,2058,2058,1,0,2075,2075,1,0,3947,3947,1,1,2005,2005,1,0,1615,1615,1
Art,Paspanthong,male,phone,375,667,2,0,32923,54076,5,0,50716,50716,1,1,9966,9966,1,0,14685,14685,1,1,9360,13469,4,1,13942,13942,1,0,123975,123975,1,0,2664,6124,3,1,16362,16362,1,0,7772,7772,1
Cat ,Xu ,female,phone,375,667,2,1,8928,8928,1,1,12404,14502,2,1,15443,15443,1,0,24754,24754,1,1,10504,10504,1,1,11552,11552,1,1,10018,10018,1,1,15101,15101,1,0,19272,19272,1,0,15185,15185,1
Nutchapol,Dendumrongsup,male,phone,360,640,4,0,-1.51235E+12,-1.51235E+12,1,0,-1.51235E+12,-1.51235E+12,1,1,-1.51235E+12,-1.51235E+12,1,1,-1.51235E+12,-1.51235E+12,1,1,-1.51235E+12,-1.51235E+12,1,1,-1.51235E+12,-1.51235E+12,1,1,-1.51235E+12,-1.51235E+12,1,1,-1.51235E+12,-1.51235E+12,1,1,-1.51235E+12,-1.51235E+12,1,0,-1.51235E+12,-1.51235E+12,1
Panupong ,Matangkarat ,male,phone,360,640,3,1,-1.51245E+12,-1.51245E+12,1,0,-1.51245E+12,-1.51245E+12,1,1,-1.51245E+12,-1.51245E+12,1,1,-1.51245E+12,-1.51245E+12,1,0,-1.51245E+12,-1.51245E+12,1,0,-1.51245E+12,-1.51245E+12,1,1,-1.51245E+12,-1.51245E+12,1,1,-1.51245E+12,-1.51245E+12,1,1,-1.51245E+12,-1.51245E+12,1,0,-1.51245E+12,-1.51245E+12,1
Nolan,Handali,male,phone,412,732,3,1,-1.51245E+12,-1.51245E+12,2,1,-1.51245E+12,-1.51245E+12,1,1,-1.51245E+12,-1.51245E+12,1,1,-1.51245E+12,-1.51245E+12,1,1,-1.51245E+12,-1.51245E+12,1,0,-1.51245E+12,-1.51245E+12,1,1,-1.51245E+12,-1.51245E+12,1,1,-1.51245E+12,-1.51245E+12,1,1,-1.51245E+12,-1.51245E+12,2,1,-1.51245E+12,-1.51245E+12,1
Samuel,Chiang,male,phone,375,667,2,1,21963,21963,1,0,63047,63047,1,1,22803,22803,1,1,48340,48340,1,1,27921,27921,1,0,38888,38888,1,1,20922,20922,1,0,24860,24860,1,1,41807,41807,1,1,25085,25085,1
A,A,na,phone,320,568,2,1,13207,13207,1,0,73033,73033,1,1,12725,12725,1,1,30624,30624,1,1,52052,52052,1,1,31888,31888,1,1,46730,46730,1,1,26888,26888,1,1,15036,15036,1,1,25472,25472,1
Jianing,Feng,male,phone,375,812,3,1,85634,85634,1,0,31686,31686,1,0,38740,38740,1,0,25700,25700,1,0,21589,21589,1,0,22637,22637,1,0,40236,40236,1,0,18195,18195,1,0,51306,51306,1,0,37586,37586,1
Shivaal,Roy,male,phone,375,667,2,1,69612,69612,1,1,300745,300745,1,1,20434,20434,1,0,101928,101928,1,1,20052,20052,1,1,19110,19110,1,1,22564,22564,1,1,16446,16446,1,1,32431,32431,1,0,18415,18415,1
Franklin,Jia,male,phone,412,732,3,1,-1.51238E+12,-1.51238E+12,1,1,-1.51238E+12,-1.51238E+12,1,1,-1.51238E+12,-1.51238E+12,1,0,-1.51238E+12,-1.51238E+12,1,1,-1.51238E+12,-1.51238E+12,1,1,-1.51238E+12,-1.51238E+12,1,1,-1.51238E+12,-1.51238E+12,1,0,-1.51238E+12,-1.51238E+12,5,1,-1.51238E+12,-1.51238E+12,1,0,-1.51238E+12,-1.51238E+12,1
Stephen,Ou,male,phone,414,736,3,1,-1.51234E+12,-1.51234E+12,1,1,-1.51234E+12,-1.51234E+12,1,1,-1.51234E+12,-1.51234E+12,1,1,-1.51234E+12,-1.51234E+12,1,1,-1.51234E+12,-1.51234E+12,1,1,-1.51234E+12,-1.51234E+12,1,1,-1.51234E+12,-1.51234E+12,1,1,-1.51234E+12,-1.51234E+12,1,1,-1.51234E+12,-1.51234E+12,1,1,-1.51234E+12,-1.51234E+12,1
Thomas 'swagswag',Lau,n/a,phone,412,846,3,1,-1.51236E+12,-1.51236E+12,1,1,-1.51236E+12,-1.51236E+12,1,0,-1.51236E+12,-1.51236E+12,1,1,-1.51236E+12,-1.51236E+12,1,1,-1.51236E+12,-1.51236E+12,1,0,-1.51236E+12,-1.51236E+12,1,1,-1.51236E+12,-1.51236E+12,1,1,-1.51236E+12,-1.51236E+12,1,1,-1.51236E+12,-1.51236E+12,1,0,-1.51236E+12,-1.51236E+12,1